Sl No,Name of Applicant,Years of Experience,Email ID,Phone Number,Education Details,Discipline,Passing Year,Key Skills,CGPA/Percentile,Sporting/Certifications/Internships,Gen AI Keyword Score,AI/ML Keyword Score,Gen AI Matching Keywords,AI/ML Matching Keywords
1,Abhishek Behera ||2 YOE Datascience & Ai/ML,Not Mentioned,abhishekgudu97@gmail.com,8018842785,"B.Tech, M.Tech",Mechanical Engineering,2024,"Python, Machine Learning, Data Analysis",Not Mentioned,training,1,1,,
2,Emma Davis e.davis@email.com,Not Mentioned,e.davis@email.com,,Bachelor,Computer Science,7890,"Python, Data Analysis, SQL",Not Mentioned,Not Mentioned,1,1,,
3,Cloud AI,Not Mentioned,e.graves@email.com,,Master,Not Mentioned,7890,Machine Learning,Not Mentioned,training,1,1,,
4,"Summa Cum Laude
HORVÁTH",Not Mentioned,Ambro_@email.com,,,"Computer Science, Mathematics",7890,"Python, Java",4.0,certification,1,1,,
5,Git,Not Mentioned,a.murphy@email.com,,Bachelor,Not Mentioned,2022,"Python, SQL",3.2,Not Mentioned,1,1,,
6,Toggl,Not Mentioned,c.foster@email.com,,Bachelor,Not Mentioned,7890,Teamwork,Not Mentioned,Not Mentioned,1,1,,
7,TYLER RUSSELL CAREER,Not Mentioned,t.russell@email.com,,Bachelor,Not Mentioned,7890,"Python, SQL, Project Management",0.86,internship,1,1,,
8,"YASMIN PATEL
Data",Not Mentioned,y.patel@email.com,,Bachelor,Computer Science,7890,SQL,4.8,Not Mentioned,1,1,,
9,B.S. Designed,Not Mentioned,kloudor@email.com,,,Not Mentioned,7890,"Python, SQL",Not Mentioned,Not Mentioned,1,1,,
10,Matplotlib,Not Mentioned,m.rodriguez@email.com,,Bachelor,Not Mentioned,2022,Python,Not Mentioned,Not Mentioned,1,1,,
11,Initiated,Not Mentioned,a.pennington@email.com,,Bachelor,Computer Science,7890,Not Mentioned,Not Mentioned,Not Mentioned,1,1,,
12,B.S. Received,1 year,Desoto@email.com,,,Computer Science,7890,"Python, SQL",3.7,internship,1,1,,
13,Trish Mathers,3 years,tmathers@email.com,,,"Mathematics, Economics",7890,SQL,3.7,internship,1,1,,
14,Driven,Not Mentioned,charla_swain@email.com,,Bachelor,Not Mentioned,7890,"Python, Data Analysis, SQL",Not Mentioned,internship,1,1,,
15,Github Scikit-learn,Not Mentioned,k.king@email.com,,"Bachelor, Master",Mathematics,7890,"Python, Data Analysis, SQL",1.3,Not Mentioned,1,1,,
16,Deployed SpaCy,Not Mentioned,j.allen@email.com,,Master,Not Mentioned,2021,"Machine Learning, SQL, Project Management",1.7,Not Mentioned,1,1,,
17,Unknown,Not Mentioned,a.tan@email.com,,"Bachelor, Master",Computer Science,7890,"Python, Machine Learning, Data Analysis, SQL",2.7,Not Mentioned,1,1,,
18,Keras,Not Mentioned,h.merritt@email.com,,Bachelor,Not Mentioned,7890,"Machine Learning, Data Analysis",Not Mentioned,"internship, training",1,1,,
19,Unknown,Not Mentioned,,,Bachelor,Computer Science,2020,Machine Learning,1.4,training,1,1,,
20,Octavia Blackwood,Not Mentioned,o.blackwood@email.com,,Bachelor,Computer Science,7890,"Python, Machine Learning",1.3,"volunteer, workshop, training",1,1,,
21,"CA
San Diego",Not Mentioned,a.hawthorn@email.com,,Bachelor,Computer Science,2019,"Machine Learning, Data Analysis",2.6,Not Mentioned,1,1,,
22,Cloud S2,Not Mentioned,abhishekbehera97@gmail.com,8018842785,"B.Tech, M.Tech",Mechanical Engineering,2024,"Python, Machine Learning, Data Analysis, SQL",Not Mentioned,"certification, internship, training",1,1,,
23,Tableau,Not Mentioned,alonsoromero@email.com,,,Computer Science,7890,"Python, SQL, Communication",Not Mentioned,Not Mentioned,1,1,,
24,Oversaw,Not Mentioned,l.montague@email.com,,Bachelor,Computer Science,7890,Machine Learning,Not Mentioned,training,1,1,,
